city,fold,model,mae
iq,0,const_median,9.461538461538462
iq,0,week_median,9.350961538461538
iq,0,week_median_smooth,9.190384615384614
iq,0,RF,7.380193239688435
iq,0,RF_log,8.356254773642958
iq,0,GBR_mae,7.741070180851041
iq,0,Ridge_log,8.562883914565841
iq,1,const_median,5.6923076923076925
iq,1,week_median,5.740384615384615
iq,1,week_median_smooth,5.5413461538461535
iq,1,RF,5.824125527978246
iq,1,RF_log,5.092541740655635
iq,1,GBR_mae,5.41650994484702
iq,1,Ridge_log,5.379945301359088
iq,2,const_median,7.038461538461538
iq,2,week_median,6.634615384615385
iq,2,week_median_smooth,6.5673076923076925
iq,2,RF,7.4019396640744555
iq,2,RF_log,6.726222352510536
iq,2,GBR_mae,6.857358398947895
iq,2,Ridge_log,6.669198934345212
sj,0,const_median,15.25
sj,0,week_median,15.35576923076923
sj,0,week_median_smooth,15.351923076923079
sj,0,RF,28.19528631316903
sj,0,RF_log,18.504137655381935
sj,0,GBR_mae,20.732734236883726
sj,0,Ridge_log,21.030358760937936
sj,1,const_median,20.009615384615383
sj,1,week_median,19.067307692307693
sj,1,week_median_smooth,19.147115384615383
sj,1,RF,24.598561783715976
sj,1,RF_log,16.725564739171606
sj,1,GBR_mae,19.428758632165987
sj,1,Ridge_log,18.008132965035422
sj,2,const_median,18.471153846153847
sj,2,week_median,16.98076923076923
sj,2,week_median_smooth,17.047115384615385
sj,2,RF,19.787028226770584
sj,2,RF_log,16.72615754640125
sj,2,GBR_mae,14.324895490768306
sj,2,Ridge_log,16.482233592186013
