,0,1,2,3,4,5
iq|const_median,11.75,6.06,2.81,8.58,10.23,3.85
iq|week_median_smooth,11.61,6.08,2.72,8.28,9.95,3.23
iq|RF_log|season_only,11.47,6.41,2.8,8.34,10.2,3.48
iq|RF_log|no_ndvi,10.8,5.5,2.87,7.5,10.34,4.24
iq|RF_log|full,10.82,5.56,2.78,7.6,10.23,3.89
iq|GBR_mae|no_ndvi,10.12,5.86,3.57,7.5,10.03,6.37
iq|GBR_mae|full,10.17,5.78,3.48,7.48,10.03,5.3
iq|blend (RF_log full + week median),11.21,5.77,2.66,7.85,9.95,3.38
sj|const_median,19.13,10.83,12.13,27.62,9.44,27.5
sj|week_median_smooth,21.7,7.41,14.34,23.62,11.12,23.15
sj|RF_log|season_only,23.51,7.43,15.17,23.52,12.04,22.75
sj|RF_log|no_ndvi,24.37,9.5,13.61,19.16,8.13,24.94
sj|RF_log|full,24.02,7.56,15.42,19.46,9.8,24.86
sj|GBR_mae|no_ndvi,28.78,11.32,18.19,20.27,7.2,23.15
sj|GBR_mae|full,26.97,10.29,22.86,18.0,8.53,23.94
sj|blend (RF_log full + week median),22.83,7.26,14.72,21.18,10.4,23.6
